5/10/17
	Added the following species.
		Insects
			Aedes aegypti (yellow fever mosquito)
			Apis mellifera (honey bee)
			Bombus terrestris (bumblebee)
			Mayetiola destructor (Hessian fly)
			Nasonia vitripennis (jewel wasp)
			Timema cristinae (walking stick)
			Tribolium castaneum (red flour beetle)
		Plants
			Brassica oleracea
			Carica papaya (papaya)
			Cucumus sativus (cucumber)
			Fragaria vesca (strawberry)
			Malus x domestica (apple)
			Solanum pennellii (tomato)
			Spirodela polyrhiza (great duckweed)
		Nematodes
			Brugia malayi
			Heterorhabditis bacteriophora
			Heterodera glycines (soybean cyst nematode)
			Loa loa
			Panagrellus redivivus
			Strongyloides rattii
			Trichinella spiralis

	Removed the following species.
		Clade removal
			Leishmania major
			Physcomitrella patens
			Plasmodium falciparum
		Issues with assembly / tRNAscan / missing file
			Strongylocentrotus purpuratus (Sea urchin)


6/15/17
	Updated assembly and tRNAscan-SE run for Anopheles gambiae
	Removed for issues with assembly / tRNAscan-SE
 		Aedes aegypti (yellow fever mosquito)
		Timema cristinae (walking stick)


2/26/18
	Added the following species.
		Selaginella moellendorffii (lycophyte, basal plant)
		Physcomitrella patens (red algae, basal plant)
	Removed Danio rerio

5/14/18
	Removed Papio hamadryas due to missing file (was removed during filtering anyway)
	Added files to match Petromyzon marinus (Lamprey)
	Updated assemblies for gorilla, mouse lemur, pig, corn, chicken, turkey, frog
	Revert brachypodium to older assembly

2/16/18	6/15/17	5/10/17	genome_table+
		aedAeg1	
		Agamb	Agamb
ailMel1	ailMel1	ailMel1	ailMel1
anoCar2	anoCar2	anoCar2	anoCar2
anoGam2	anoGam2		
apiMel1	apiMel1	apiMel1	
araTha1	araTha1	araTha1	araTha1
ashbGoss_ATCC10895	ashbGoss_ATCC10895	ashbGoss_ATCC10895	ashbGoss_ATCC10895
aspeFumi_AF293	aspeFumi_AF293	aspeFumi_AF293	aspeFumi_AF293
aspeNidu_FGSC_A4	aspeNidu_FGSC_A4	aspeNidu_FGSC_A4	aspeNidu_FGSC_A4
aspeOryz_RIB40	aspeOryz_RIB40	aspeOryz_RIB40	aspeOryz_RIB40
balAcu1	balAcu1	balAcu1	balAcu1
bomTer1	bomTer1	bomTer1	
bosTau8	bosTau8	bosTau8	bosTau8
botrCine_B05_10	botrCine_B05_10	botrCine_B05_10	botrCine_B05_10
braDis3	braDis3	braDis3	braDis3
braOle1	braOle1	braOle1	
bruMal1	bruMal1	bruMal1	
caeJap1	caeJap1	caeJap1	caeJap1
caePb2	caePb2	caePb2	caePb2
caeRem3	caeRem3	caeRem3	caeRem3
calJac3	calJac3	calJac3	calJac3
calMil1	calMil1	calMil1	calMil1
candAlbi_WO_1	candAlbi_WO_1	candAlbi_WO_1	candAlbi_WO_1
candDubl_CD36	candDubl_CD36	candDubl_CD36	candDubl_CD36
candGlab_CBS_138	candGlab_CBS_138	candGlab_CBS_138	candGlab_CBS_138
candOrth_CO_90_125	candOrth_CO_90_125	candOrth_CO_90_125	candOrth_CO_90_125
canFam3	canFam3	canFam3	canFam3
carPap1	carPap1	carPap1	
cavPor3	cavPor3	cavPor3	cavPor3
cb3	cb3	cb3	cb3
ce11	ce11	ce11	ce11
cerSim1	cerSim1	cerSim1	cerSim1
chaeTher_VAR_THERMOPHILUM_DSM1	chaeTher_VAR_THERMOPHILUM_DSM1	chaeTher_VAR_THERMOPHILUM_DSM1	chaeTher_VAR_THERMOPHILUM_DSM1
chrPic1	chrPic1	chrPic1	chrPic1
criGri1	criGri1	criGri1	criGri1
crypGatt_WM276	crypGatt_WM276	crypGatt_WM276	crypGatt_WM276
crypNeof_VAR_GRUBII_H99	crypNeof_VAR_GRUBII_H99	crypNeof_VAR_GRUBII_H99	crypNeof_VAR_GRUBII_H99
crypNeof_VAR_NEOFORMANS_B_3501	crypNeof_VAR_NEOFORMANS_B_3501	crypNeof_VAR_NEOFORMANS_B_3501	crypNeof_VAR_NEOFORMANS_B_3501
crypNeof_VAR_NEOFORMANS_JEC21	crypNeof_VAR_NEOFORMANS_JEC21	crypNeof_VAR_NEOFORMANS_JEC21	crypNeof_VAR_NEOFORMANS_JEC21
cucSat1	cucSat1	cucSat1	
cybeJadi_NBRC_0988_NBRC0988	cybeJadi_NBRC_0988_NBRC0988	cybeJadi_NBRC_0988_NBRC0988	cybeJadi_NBRC_0988_NBRC0988
	danRer10	danRer10	danRer10
dasNov3	dasNov3	dasNov3	dasNov3
debaHans_CBS767	debaHans_CBS767	debaHans_CBS767	debaHans_CBS767
dipOrd1	dipOrd1	dipOrd1	dipOrd1
dm6	dm6	dm6	dm6
dp4	dp4	dp4	dp4
droAna3	droAna3	droAna3	droAna3
droEre2	droEre2	droEre2	droEre2
droGri2	droGri2	droGri2	droGri2
droMoj3	droMoj3	droMoj3	droMoj3
droPer1	droPer1	droPer1	droPer1
droSec1	droSec1	droSec1	droSec1
droSim1	droSim1	droSim1	droSim1
droVir3	droVir3	droVir3	droVir3
droWil1	droWil1	droWil1	droWil1
droYak2	droYak2	droYak2	droYak2
enceCuni_GB_M1	enceCuni_GB_M1	enceCuni_GB_M1	enceCuni_GB_M1
enceHell_ATCC50504	enceHell_ATCC50504	enceHell_ATCC50504	enceHell_ATCC50504
enceInte_ATCC50506	enceInte_ATCC50506	enceInte_ATCC50506	enceInte_ATCC50506
enceRoma_SJ_2008	enceRoma_SJ_2008	enceRoma_SJ_2008	enceRoma_SJ_2008
equCab2	equCab2	equCab2	equCab2
eremCymb_DBVPG#7215	eremCymb_DBVPG#7215	eremCymb_DBVPG#7215	eremCymb_DBVPG#7215
eriEur2	eriEur2	eriEur2	eriEur2
felCat5	felCat5	felCat5	felCat5
flamVelu_KACC42780	flamVelu_KACC42780	flamVelu_KACC42780	flamVelu_KACC42780
fr3	fr3	fr3	fr3
fraVes1	fraVes1	fraVes1	
fusaGram_CS3005	fusaGram_CS3005	fusaGram_CS3005	fusaGram_CS3005
fusaGram_PH_1_NRRL_31084	fusaGram_PH_1_NRRL_31084	fusaGram_PH_1_NRRL_31084	fusaGram_PH_1_NRRL_31084
fusaPseu_CS3096	fusaPseu_CS3096	fusaPseu_CS3096	fusaPseu_CS3096
fusaPseu_CS3270	fusaPseu_CS3270	fusaPseu_CS3270	fusaPseu_CS3270
fusaVert_7600	fusaVert_7600	fusaVert_7600	fusaVert_7600
gadMor1	gadMor1	gadMor1	gadMor1
galGal4	galGal4	galGal4	galGal4
gasAcu1	gasAcu1	gasAcu1	gasAcu1
geoFor1	geoFor1	geoFor1	geoFor1
glyMax2	glyMax2	glyMax2	glyMax2
gorGor3	gorGor3	gorGor3	gorGor3
gosRai2	gosRai2	gosRai2	gosRai2
hetBac1	hetBac1	hetBac1	
hetGla2	hetGla2	hetGla2	hetGla2
hetGly1	hetGly1	hetGly1	
hg19	hg19	hg19	hg19
kazaAfri_CBS_2517	kazaAfri_CBS_2517	kazaAfri_CBS_2517	kazaAfri_CBS_2517
kazaNaga_CBS_8797	kazaNaga_CBS_8797	kazaNaga_CBS_8797	kazaNaga_CBS_8797
kluyLact_NRRL_Y_1140	kluyLact_NRRL_Y_1140	kluyLact_NRRL_Y_1140	kluyLact_NRRL_Y_1140
komaPast_CBS_7435	komaPast_CBS_7435	komaPast_CBS_7435	komaPast_CBS_7435
komaPast_GS115	komaPast_GS115	komaPast_GS115	komaPast_GS115
lachKluy_NRRL_Y_12651	lachKluy_NRRL_Y_12651	lachKluy_NRRL_Y_12651	lachKluy_NRRL_Y_12651
lachTher_CBS_6340	lachTher_CBS_6340	lachTher_CBS_6340	lachTher_CBS_6340
latCha1	latCha1	latCha1	latCha1
			Lmajo
loaLoa1	loaLoa1	loaLoa1	
loxAfr3	loxAfr3	loxAfr3	loxAfr3
macEug2	macEug2	macEug2	macEug2
magnOryz_70_15	magnOryz_70_15	magnOryz_70_15	magnOryz_70_15
malDom1	malDom1	malDom1	
manEsc6	manEsc6	manEsc6	manEsc6
mayDes1	mayDes1	mayDes1	
medTru4	medTru4	medTru4	medTru4
melGal1	melGal1	melGal1	melGal1
melUnd1	melUnd1	melUnd1	melUnd1
micMur1	micMur1	micMur1	micMur1
millFari_CBS_7064	millFari_CBS_7064	millFari_CBS_7064	millFari_CBS_7064
mm10	mm10	mm10	mm10
monDom5	monDom5	monDom5	monDom5
			mt3
musFur1	musFur1	musFur1	musFur1
myceTher_ATCC42464	myceTher_ATCC42464	myceTher_ATCC42464	myceTher_ATCC42464
myoLuc2	myoLuc2	myoLuc2	myoLuc2
nasVit1	nasVit1	nasVit1	
naumCast_CBS_4309	naumCast_CBS_4309	naumCast_CBS_4309	naumCast_CBS_4309
naumDair_CBS_421	naumDair_CBS_421	naumDair_CBS_421	naumDair_CBS_421
neurCras_OR74A	neurCras_OR74A	neurCras_OR74A	neurCras_OR74A
nomLeu3	nomLeu3	nomLeu3	nomLeu3
ochPri3	ochPri3	ochPri3	ochPri3
ogatPara_DL_1	ogatPara_DL_1	ogatPara_DL_1	ogatPara_DL_1
oreNil2	oreNil2	oreNil2	oreNil2
ornAna1	ornAna1	ornAna1	ornAna1
oryCun2	oryCun2	oryCun2	oryCun2
oryLat2	oryLat2	oryLat2	oryLat2
orySat7	orySat7	orySat7	orySat7
otoGar3	otoGar3	otoGar3	otoGar3
oviAri3	oviAri3	oviAri3	oviAri1
panRed1	panRed1	panRed1	oviAri3
panTro4	panTro4	panTro4	panTro4
papAnu2	papAnu2	papAnu2	papAnu2
	papHam1	papHam1	papHam1
peniChry_P2NIAD18	peniChry_P2NIAD18	peniChry_P2NIAD18	peniChry_P2NIAD18
	petMar2	petMar2	petMar2
phyPat1.1			phyPat1.1
			plasFalc1
ponAbe2	ponAbe2	ponAbe2	ponAbe2
popTri3	popTri3	popTri3	popTri3
priPac1	priPac1	priPac1	priPac1
proCap1	proCap1	proCap1	proCap1
pteVam1	pteVam1	pteVam1	pteVam1
rheMac8	rheMac8	rheMac8	rheMac8
rn6	rn6	rn6	rn6
sacCer3	sacCer3	sacCer3	sacCer3
saccSp_ASHBYA_ACERI	saccSp_ASHBYA_ACERI	saccSp_ASHBYA_ACERI	saccSp_ASHBYA_ACERI
saccSp_BOULARDII_17	saccSp_BOULARDII_17	saccSp_BOULARDII_17	saccSp_BOULARDII_17
saccSp_BOULARDII_ATCCMYA_796	saccSp_BOULARDII_ATCCMYA_796	saccSp_BOULARDII_ATCCMYA_796	saccSp_BOULARDII_ATCCMYA_796
saiBol1	saiBol1	saiBol1	saiBol1
sarHar1	sarHar1	sarHar1	sarHar1
scheStip_CBS_6054	scheStip_CBS_6054	scheStip_CBS_6054	scheStip_CBS_6054
schiPomb_972H	schiPomb_972H	schiPomb_972H	schiPomb_972H
selMoe1			
solPen1	solPen1	solPen1	
sorAra2	sorAra2	sorAra2	sorAra2
sorBic3	sorBic3	sorBic3	sorBic3
speTri2	speTri2	speTri2	speTri2
spiPol1	spiPol1	spiPol1	
sporReil_SRZ2	sporReil_SRZ2	sporReil_SRZ2	sporReil_SRZ2
			Spurp
strRat1	strRat1	strRat1	
susScr3	susScr3	susScr3	susScr3
taeGut2	taeGut2	taeGut2	taeGut2
tarSyr2	tarSyr2	tarSyr2	tarSyr2
tetNig2	tetNig2	tetNig2	tetNig2
tetrBlat_CBS_6284	tetrBlat_CBS_6284	tetrBlat_CBS_6284	tetrBlat_CBS_6284
tetrPhaf_CBS_4417	tetrPhaf_CBS_4417	tetrPhaf_CBS_4417	tetrPhaf_CBS_4417
thieTerr_NRRL_8126	thieTerr_NRRL_8126	thieTerr_NRRL_8126	thieTerr_NRRL_8126
		timCri1	
toruDelb_CBS_1146	toruDelb_CBS_1146	toruDelb_CBS_1146	toruDelb_CBS_1146
triCas1	triCas1	triCas1	
triMan1	triMan1	triMan1	triMan1
triSpi1	triSpi1	triSpi1	
turTru2	turTru2	turTru2	turTru2
ustiMayd_521	ustiMayd_521	ustiMayd_521	ustiMayd_521
valsMali_03_8	valsMali_03_8	valsMali_03_8	valsMali_03_8
vertDahl_JR2	vertDahl_JR2	vertDahl_JR2	vertDahl_JR2
vertDahl_VDLS_17	vertDahl_VDLS_17	vertDahl_VDLS_17	vertDahl_VDLS_17
vicPac2	vicPac2	vicPac2	vicPac2
vitVin1	vitVin1	vitVin1	vitVin1
xenTro3	xenTro3	xenTro3	xenTro3
yarrLipo_CLIB122	yarrLipo_CLIB122	yarrLipo_CLIB122	yarrLipo_CLIB122
yarrLipo_PO1F	yarrLipo_PO1F	yarrLipo_PO1F	yarrLipo_PO1F
yarrLipo_WSH_Z06	yarrLipo_WSH_Z06	yarrLipo_WSH_Z06	yarrLipo_WSH_Z06
zeaMay6	zeaMay6	zeaMay6	zeaMay6
zygoRoux_CBS_732	zygoRoux_CBS_732	zygoRoux_CBS_732	zygoRoux_CBS_732
